URL|TITLE|CURRENCY|AMOUNT ASKED|AMOUNT RECEIVED|BACKERS|AVG AMOUNT|DAYS LEFT|LOCATION|CATEGORY|NUMBER OF WORDS|NUMBER OF PICS|NUMBER OF VIDEOS|NUMBER OF COMMENTS|NUMBER OF UPDATES|NUMBER OF REWARDS|AMOUNT OF REWARDS|NUMBER OF WORDS OF REWARDS
https://www.kickstarter.com/projects/jamesreads/the-prisma-visions-tarot|The Prisma Visions Tarot by James R. Eads|usd|14,125|79,206|1|79206|0|Los Angeles, CA|Illustration|1421|16|1|177|21|21|$1.00 USD, $25 USD, $37 USD, $39 USD, $41 USD, $43 USD, $45 USD, $49 USD, $50 USD, $75 USD, $80 USD, $85 USD, $95 USD, $100 USD, $145 USD, $150 USD, $170 USD, $175 USD, $200 USD, $275 USD, $350 USD|17, 37, 38, 30, 30, 30, 29, 46, 37, 37, 64, 31, 42, 19, 46, 52, 84, 52, 62, 66, 96
https://www.kickstarter.com/projects/1959895010/in-search-of-the-truth-the-truth-booth-us-tour|In Search of the Truth - The Truth Booth U.S. Tour by Hank Willis Thomas|usd|75,000|80,628|434|185|0|Brooklyn, NY|Mixed Media|1506|14|1|5|13|20|$1.00 USD, $15 USD, $25 USD, $35 USD, $50 USD, $50 USD, $50 USD, $75 USD, $175 USD, $200 USD, $250 USD, $500 USD, $1,000 USD, $2,500 USD, $5,000 USD, $5,000 USD, $10,000 USD, $10,000 USD, $10,000 USD, $10,000 USD|14, 23, 54, 33, 38, 82, 41, 56, 125, 63, 75, 179, 30, 65, 62, 78, 108, 64, 58, 107
https://www.kickstarter.com/projects/simplescott/designing-obama|Designing Obama by Scott Thomas|usd|65,000|84,613|1|84613|0|Chicago, IL|Art|141|0|1|150|19|4|$10 USD, $50 USD, $100 USD, $150 USD|16, 27, 24, 24
https://www.kickstarter.com/projects/1694465216/nyumbu-uhamiaji|NYUMBU UHAMIAJI by JAY MARK JOHNSON|usd|57,969|85,707|62|1382|0|Santa Monica, CA|Art|2226|30|1|0|9|14|$5 USD, $10 USD, $20 USD, $30 USD, $50 USD, $75 USD, $100 USD, $150 USD, $200 USD, $350 USD, $750 USD, $1,000 USD, $2,500 USD, $7,500 USD|9, 22, 36, 43, 62, 53, 74, 95, 94, 95, 116, 116, 119, 129





https://www.kickstarter.com/projects/865598201/salem-book-and-show-by-damien-echols-menton3-david|SALEM book & show by Damien Echols, menton3, David Stoupakis by THE HAND|usd|16,200|103,202|883|116|0|New York, NY|Art|1687|19|1|90|9|41|$1.00 USD, $10 USD, $18 USD, $20 USD, $25 USD, $35 USD, $45 USD, $46 USD, $47 USD, $55 USD, $60 USD, $65 USD, $80 USD, $100 USD, $100 USD, $120 USD, $125 USD, $130 USD, $135 USD, $135 USD, $145 USD, $200 USD, $300 USD, $320 USD, $320 USD, $325 USD, $360 USD, $400 USD, $1,000 USD, $1,000 USD, $2,000 USD, $2,000 USD, $2,500 USD, $2,500 USD, $3,500 USD, $3,500 USD, $4,000 USD, $4,000 USD, $6,000 USD, $7,000 USD, $10,000 USD|15, 8, 28, 16, 16, 11, 22, 12, 12, 31, 29, 24, 28, 23, 21, 29, 63, 16, 35, 33, 63, 58, 30, 31, 31, 28, 31, 27, 115, 116, 116, 99, 99, 100, 99, 100, 99, 100, 122, 100, 100






https://www.kickstarter.com/projects/292149352/descants-and-cadences-an-art-book-by-stephanie-law|Descants & Cadences, an Art Book by Stephanie Law by Stephanie Law|usd|26,400|116,553|998|116|0|Oakland, CA|Illustration|1449|19|1|105|13|18|$1.00 USD, $35 USD, $45 USD, $80 USD, $95 USD, $105 USD, $125 USD, $135 USD, $165 USD, $200 USD, $250 USD, $315 USD, $345 USD, $595 USD, $1,100 USD, $1,100 USD, $1,100 USD, $4,000 USD|4, 13, 24, 39, 42, 51, 32, 25, 80, 56, 107, 55, 54, 52, 61, 66, 59, 89
https://www.kickstarter.com/projects/377116752/save-the-coney-island-mermaid-from-extinction|Save the Coney Island Mermaid from Extinction! by Coney Island USA|usd|100,000|117,365|2|58682|0|Coney Island, Brooklyn, NY|Public Art|1463|22|1|114|22|22|$5 USD, $13 USD, $25 USD, $40 USD, $60 USD, $65 USD, $75 USD, $90 USD, $100 USD, $100 USD, $101 USD, $150 USD, $175 USD, $250 USD, $251 USD, $350 USD, $400 USD, $600 USD, $1,800 USD, $4,000 USD, $5,000 USD, $10,000 USD|39, 45, 44, 44, 41, 28, 78, 41, 31, 53, 52, 24, 73, 68, 20, 81, 39, 8, 40, 119, 50, 38
https://www.kickstarter.com/projects/beehivecollective/hatch-the-beehives-epic-story-graphic-mesoamerica|Hatch the Beehive's Epic Story-Graphic, MesoamÃ©rica Resiste! by beehive design collective|usd|36,000|117,963|2|58981|0|Machias, ME|Art|1646|2|1|69|7|15|$5 USD, $10 USD, $20 USD, $25 USD, $25 USD, $35 USD, $40 USD, $50 USD, $75 USD, $100 USD, $150 USD, $200 USD, $400 USD, $1,000 USD, $2,500 USD|85, 88, 74, 102, 148, 81, 100, 173, 96, 177, 152, 170, 178, 209, 108
https://www.kickstarter.com/projects/dorrian/a-statue-of-nikola-tesla-in-the-silicon-valley|A Statue of Nikola Tesla in the Silicon Valley by Northern Imagination|usd|123,000|127,260|722|176|0|Palo Alto, CA|Public Art|1331|10|1|30|19|17|$5 USD, $10 USD, $18 USD, $25 USD, $35 USD, $55 USD, $95 USD, $275 USD, $325 USD, $450 USD, $2,500 USD, $2,800 USD, $5,500 USD, $5,800 USD, $7,500 USD, $10,000 USD, $10,000 USD|56, 35, 46, 47, 49, 48, 59, 44, 50, 102, 33, 33, 32, 32, 32, 98, 48






https://www.kickstarter.com/projects/hansfex/mini-museum-2|Mini Museum 2: The Second Edition by Hans Fex|usd|160,000|1,068,328|3|356109|0|Fairfax, VA|Art|4874|46|1|360|13|14|$1.00 USD, $20 USD, $39 USD, $249 USD, $289 USD, $299 USD, $299 USD, $319 USD, $349 USD, $599 USD, $599 USD, $800 USD, $3,200 USD, $3,200 USD|35, 35, 29, 69, 69, 67, 67, 69, 69, 126, 126, 71, 152, 152

https://www.kickstarter.com/projects/1598272670/chip-the-worlds-first-9-computer|CHIP - The World's First Nine Dollar Computer by Next Thing Co.|usd|50,000|2,071,927|39|53126|0|Oakland, CA|Hardware|905|57|3|2|45|14|$9 USD, $9 USD, $9 USD, $9 USD, $19 USD, $19 USD, $24 USD, $49 USD, $64 USD, $93 USD, $93 USD, $98 USD, $150 USD, $489 USD|23, 28, 28, 39, 21, 31, 28, 25, 44, 20, 30, 25, 43, 25
https://www.kickstarter.com/projects/speedx/speedx-leopard-the-first-ever-smart-aero-road-bike|SpeedX Leopard the first ever smart aero road bike by SpeedX|usd|50,000|2,319,876|1|2319876|0|San Jose, CA|Technology|809|52|3|1|22|10|$1,199 USD, $1,199 USD, $1,299 USD, $1,399 USD, $1,899 USD, $1,999 USD, $2,099 USD, $2,299 USD, $2,499 USD, $2,499 USD|52, 48, 51, 48, 56, 56, 56, 56, 60, 56
https://www.kickstarter.com/projects/olo3d/olo-the-first-ever-smartphone-3d-printer|OLO - The First Ever Smartphone 3D Printer. by OLO 3D Inc.|usd|80,000|2,321,811|16|145113|0|San Francisco, CA|Technology|1647|78|6|3|18|20|$19 USD, $29 USD, $39 USD, $49 USD, $69 USD, $73 USD, $79 USD, $89 USD, $99 USD, $99 USD, $103 USD, $119 USD, $129 USD, $133 USD, $239 USD, $999 USD, $2,499 USD, $6,499 USD, $9,999 USD, $9,999 USD|43, 51, 54, 58, 65, 22, 28, 27, 27, 45, 18, 36, 34, 18, 45, 64, 74, 59, 70, 83
https://www.kickstarter.com/projects/1351910088/3doodler-the-worlds-first-3d-printing-pen|3Doodler: The World's First 3D Printing Pen by WobbleWorks LLC.|usd|30,000|2,344,134|26|90159|0|Boston, MA|Hardware|1203|13|1|2|35|18|$1.00 USD, $25 USD, $50 USD, $75 USD, $75 USD, $75 USD, $75 USD, $75 USD, $99 USD, $99 USD, $99 USD, $99 USD, $99 USD, $125 USD, $220 USD, $220 USD, $1,000 USD, $10,000 USD|35, 47, 35, 29, 35, 35, 49, 36, 32, 38, 38, 52, 39, 46, 54, 54, 75, 49
https://www.kickstarter.com/projects/hello/sense-know-more-sleep-better|Sense: Know More. Sleep Better. by Hello|usd|100,000|2,410,741|19|126881|0|San Francisco, CA|Technology|1795|50|2|3|24|12|$1.00 USD, $25 USD, $50 USD, $99 USD, $129 USD, $149 USD, $189 USD, $249 USD, $399 USD, $639 USD, $1,000 USD, $5,000 USD|12, 12, 26, 18, 14, 18, 14, 14, 26, 26, 27, 50
https://www.kickstarter.com/projects/248983394/ossic-x-the-first-3d-audio-headphones-calibrated-t|OSSIC X: The first 3D audio headphones calibrated to you by OSSIC|usd|100,000|2,708,472|10|270847|0|San Diego, CA|Sound|1448|52|6|1|18|7|$5 USD, $25 USD, $199 USD, $219 USD, $249 USD, $279 USD, $999 USD|37, 20, 23, 20, 20, 21, 63
https://www.kickstarter.com/projects/tiko3d/tiko-the-unibody-3d-printer|Tiko - The Unibody 3D Printer by Tiko 3D|usd|100,000|2,950,874|16|184429|0|Niagara Falls, NY|3D Printing|2532|46|1|8|18|9|$18 USD, $99 USD, $139 USD, $179 USD, $179 USD, $179 USD, $179 USD, $179 USD, $179 USD|39, 31, 29, 48, 42, 42, 42, 42, 42
https://www.kickstarter.com/projects/readingrainbow/bring-reading-rainbow-back-for-every-child-everywh|Bring Reading Rainbow Back for Every Child, Everywhere! by LeVar Burton & Reading Rainbow|usd|1,000,000|5,408,916|105|51513|0|Los Angeles, CA|Web|1112|25|1|19|47|64|$5 USD, $10 USD, $25 USD, $30 USD, $35 USD, $50 USD, $75 USD, $100 USD, $110 USD, $125 USD, $140 USD, $145 USD, $150 USD, $175 USD, $200 USD, $200 USD, $250 USD, $250 USD, $275 USD, $300 USD, $300 USD, $300 USD, $300 USD, $350 USD, $350 USD, $350 USD, $375 USD, $375 USD, $400 USD, $400 USD, $400 USD, $450 USD, $500 USD, $500 USD, $500 USD, $600 USD, $700 USD, $750 USD, $750 USD, $750 USD, $750 USD, $750 USD, $750 USD, $800 USD, $800 USD, $800 USD, $800 USD, $800 USD, $800 USD, $900 USD, $1,200 USD, $1,500 USD, $1,700 USD, $2,500 USD, $2,600 USD, $3,000 USD, $3,500 USD, $3,500 USD, $3,500 USD, $3,750 USD, $5,000 USD, $10,000 USD, $10,000 USD, $10,000 USD|32, 30, 43, 72, 27, 30, 30, 30, 33, 30, 75, 83, 35, 48, 34, 27, 31, 115, 33, 65, 90, 90, 82, 45, 96, 48, 42, 46, 26, 46, 132, 28, 65, 70, 72, 38, 39, 80, 76, 78, 75, 101, 68, 63, 63, 62, 96, 96, 86, 70, 71, 50, 91, 65, 67, 60, 60, 80, 85, 66, 49, 77, 119, 95
https://www.kickstarter.com/projects/1003614822/ponomusic-where-your-soul-rediscovers-music|Pono Music - Where Your Soul Rediscovers Music by the PonoMusic Team|usd|800,000|6,225,354|18|345853|0|San Francisco, CA|Sound|3528|14|1|16|52|44|$5 USD, $50 USD, $100 USD, $200 USD, $300 USD, $300 USD, $300 USD, $300 USD, $400 USD, $400 USD, $400 USD, $400 USD, $400 USD, $400 USD, $400 USD, $400 USD, $400 USD, $400 USD, $400 USD, $400 USD, $400 USD, $400 USD, $400 USD, $400 USD, $400 USD, $400 USD, $400 USD, $400 USD, $400 USD, $400 USD, $400 USD, $400 USD, $400 USD, $400 USD, $400 USD, $400 USD, $400 USD, $400 USD, $400 USD, $400 USD, $5,000 USD, $5,000 USD, $5,000 USD, $5,000 USD|30, 43, 21, 25, 16, 16, 16, 16, 35, 35, 34, 37, 38, 36, 35, 35, 35, 35, 35, 35, 35, 35, 35, 36, 34, 37, 35, 35, 38, 36, 35, 35, 35, 36, 34, 35, 35, 35, 35, 34, 44, 47, 51, 45
https://www.kickstarter.com/projects/alpinelabs/pulse-your-camera-upgraded|Pulse - Your Camera, Upgraded. by Kris Cheng|usd|50,000|1,110,820|12|92568|0|San Francisco, CA|Camera Equipment|1185|29|3|812|6|5|$1.00 USD, $69 USD, $74 USD, $350 USD, $3,000 USD|16, 49, 38, 34, 86
https://www.kickstarter.com/projects/1425492550/sesame-your-key-reinvented|Sesame. Your key, reinvented. by CANDY HOUSE Inc.|usd|100,000|1,428,519|7|204074|0|Palo Alto, CA|Robots|751|28|1|5|33|10|$1.00 USD, $89 USD, $99 USD, $139 USD, $149 USD, $249 USD, $279 USD, $549 USD, $4,900 USD, $10,000 USD|14, 33, 31, 39, 37, 28, 33, 33, 29, 29
https://www.kickstarter.com/projects/avegantglyph/a-mobile-personal-theater-with-built-in-premium-au|Glyph: A Mobile Personal Theater With Built In Premium Audio by Avegant|usd|250,000|1,509,506|3|503168|0|Ann Arbor, MI|Hardware|2781|13|6|2|65|10|$5 USD, $10 USD, $25 USD, $50 USD, $499 USD, $499 USD, $999 USD, $1,999 USD, $4,999 USD, $9,999 USD|27, 27, 24, 24, 31, 14, 37, 54, 76, 23

https://www.kickstarter.com/projects/4422853/onewheel-the-self-balancing-electric-skateboard|Onewheel :: The Self-Balancing Electric Skateboard by Future Motion|usd|100,000|630,862|1|630862|0|Palo Alto, CA|Product Design|1626|41|1|1|33|12|$1.00 USD, $10 USD, $25 USD, $35 USD, $40 USD, $100 USD, $1,199 USD, $1,299 USD, $1,399 USD, $1,699 USD, $1,799 USD, $5,000 USD|16, 20, 20, 10, 11, 15, 24, 29, 39, 51, 33, 76



https://www.kickstarter.com/projects/692213374/the-porthole|The Porthole by Martin Kastner / Crucial Detail|usd|28,500|736,112|4|184028|0|Chicago, IL|Product Design|602|6|2|407|22|9|$25 USD, $75 USD, $85 USD, $95 USD, $175 USD, $250 USD, $375 USD, $700 USD, $5,000 USD|14, 46, 43, 31, 31, 39, 31, 31, 45





https://www.kickstarter.com/projects/thestandardsmanual/reissue-of-the-1975-nasa-graphics-standards-manual|Reissue of the 1975 NASA Graphics Standards Manual. by Jesse Reed & Hamish Smyth|usd|158,000|941,966|8|117745|0|New York, NY|Graphic Design|1589|54|1|317|11|4|$79 USD, $158 USD, $395 USD, $790 USD|3, 3, 3, 3

https://www.kickstarter.com/projects/lomography/the-lomoinstant-camera|The Lomo'Instant Camera by Lomography|usd|100,000|1,118,333|8|139791|0|New York, NY|Design|2807|42|1|1|34|46|$5 USD, $10 USD, $20 USD, $35 USD, $69 USD, $69 USD, $79 USD, $79 USD, $89 USD, $89 USD, $89 USD, $89 USD, $99 USD, $99 USD, $99 USD, $99 USD, $109 USD, $109 USD, $109 USD, $109 USD, $119 USD, $119 USD, $129 USD, $129 USD, $160 USD, $160 USD, $190 USD, $230 USD, $270 USD, $270 USD, $290 USD, $290 USD, $320 USD, $320 USD, $340 USD, $340 USD, $370 USD, $370 USD, $400 USD, $400 USD, $420 USD, $420 USD, $450 USD, $500 USD, $700 USD, $1,300 USD|26, 27, 32, 34, 33, 50, 49, 49, 62, 62, 49, 49, 49, 50, 60, 60, 60, 60, 50, 49, 60, 61, 61, 60, 70, 70, 70, 71, 75, 75, 75, 76, 73, 73, 73, 74, 83, 84, 72, 72, 72, 73, 83, 84, 120, 159


https://www.kickstarter.com/projects/barracuda/barracuda-collapsible-luggage-tray-gps-usb-charger|Barracuda: Collapsible Luggage + Tray + GPS + USB Charger by Barracuda|usd|20,000|1,252,222|3|417407|0|San Francisco, CA|Product Design|859|47|1|867|30|20|$1.00 USD, $145 USD, $190 USD, $210 USD, $230 USD, $240 USD, $245 USD, $250 USD, $330 USD, $340 USD, $360 USD, $380 USD, $385 USD, $390 USD, $550 USD, $560 USD, $875 USD, $890 USD, $930 USD, $980 USD|28, 24, 23, 23, 23, 23, 22, 22, 21, 51, 48, 48, 49, 49, 64, 64, 70, 70, 70, 70

https://www.kickstarter.com/projects/lomography/the-lomography-petzval-portrait-lens|The Lomography Petzval Portrait Lens by Lomography|usd|100,000|1,396,149|3|465383|0|New York, NY|Product Design|3253|23|1|1|41|23|$15 USD, $50 USD, $79 USD, $300 USD, $350 USD, $400 USD, $400 USD, $475 USD, $500 USD, $500 USD, $500 USD, $500 USD, $600 USD, $1,000 USD, $1,000 USD, $1,000 USD, $1,100 USD, $1,100 USD, $1,500 USD, $2,000 USD, $2,100 USD, $2,500 USD, $2,600 USD|43, 68, 73, 36, 36, 36, 52, 69, 116, 59, 47, 59, 129, 155, 155, 155, 166, 166, 280, 208, 226, 168, 192

https://www.kickstarter.com/projects/1708005089/pico-craft-beer-at-home|Pico - Craft Beer at Home by PicoBrew Inc|usd|200,000|1,403,359|1|1403359|0|Seattle, WA|Product Design|855|40|2|886|37|15|$1.00 USD, $20 USD, $499 USD, $549 USD, $559 USD, $575 USD, $599 USD, $639 USD, $649 USD, $1,299 USD, $1,699 USD, $2,099 USD, $2,999 USD, $3,200 USD, $6,000 USD|21, 6, 15, 18, 18, 18, 16, 14, 17, 20, 21, 28, 40, 23, 23
https://www.kickstarter.com/projects/ezelleron/kraftwerk-highly-innovative-portable-power-plant|kraftwerk - highly innovative portable power plant by eZelleron Inc.|usd|500,000|1,529,561|11|139051|0|Storrs, CT|Design|491|14|1|2|43|15|$5 USD, $20 USD, $49 USD, $79 USD, $99 USD, $99 USD, $139 USD, $189 USD, $249 USD, $250 USD, $750 USD, $1,000 USD, $5,000 USD, $7,500 USD, $10,000 USD|22, 19, 38, 28, 32, 29, 42, 28, 33, 30, 55, 38, 69, 77, 47


https://www.kickstarter.com/projects/peak-design/the-everyday-messenger-a-bag-for-cameras-and-essen|The Everyday Messenger: A Bag For Cameras & Essential Carry by Peak Design|usd|100,000|4,869,472|17|286439|0|San Francisco, CA|Product Design|2158|69|4|4|32|6|$30 USD, $195 USD, $225 USD, $375 USD, $620 USD, $5,500 USD|22, 22, 28, 107, 114, 99

https://www.kickstarter.com/projects/597507018/pebble-time-awesome-smartwatch-no-compromises|Pebble Time - Awesome Smartwatch, No Compromises by Pebble Technology|usd|500,000|20,338,986|78|260756|0|Palo Alto, CA|Product Design|2009|34|1|33|32|12|$159 USD, $179 USD, $179 USD, $250 USD, $250 USD, $338 USD, $400 USD, $480 USD, $480 USD, $845 USD, $1,690 USD, $5,000 USD|22, 20, 20, 28, 28, 13, 31, 29, 29, 13, 13, 36

https://www.kickstarter.com/projects/244127719/apex-wallet-relaunch|APEX Wallet - Relaunch! by MSTRMND Collective|usd|4,000|120,259|4|30064|0|Los Angeles, CA|Accessories|896|16|1|479|15|5|$1.00 USD, $22 USD, $22 USD, $44 USD, $66 USD|33, 20, 20, 26, 26

https://www.kickstarter.com/projects/victorathletics/victor-athletics-a-responsible-usa-made-clothing-c|Victor Athletics: A responsible, USA made clothing company by Victor Athletics|usd|100,000|123,002|1|123002|0|Cincinnati, OH|Apparel|464|34|1|96|22|16|$25 USD, $65 USD, $65 USD, $70 USD, $85 USD, $85 USD, $90 USD, $90 USD, $90 USD, $150 USD, $150 USD, $190 USD, $230 USD, $230 USD, $290 USD, $2,000 USD|16, 22, 16, 14, 22, 15, 14, 15, 14, 12, 12, 15, 13, 13, 17, 33









https://www.kickstarter.com/projects/124039987/enclave-eyewear-twentyandtwenty-line|enclave eyewear: twenty&twenty line by Daniel Kane|usd|9,700|181,998|3|60666|0|Santa Barbara, CA|Fashion|779|9|1|391|19|6|$25 USD, $30 USD, $55 USD, $105 USD, $180 USD, $250 USD|30, 16, 16, 16, 25, 20
https://www.kickstarter.com/projects/1850124313/atlas-performance-professional-comes-to-socks|ATLAS: Performance Professional Comes to Socks by Ministry of Supply|usd|30,000|204,601|3|68200|0|Boston, MA|Fashion|1099|11|2|280|14|8|$1.00 USD, $28 USD, $58 USD, $68 USD, $118 USD, $128 USD, $298 USD, $398 USD|9, 24, 31, 26, 32, 36, 23, 25




https://www.kickstarter.com/projects/yathletics/silverair-sock-odorless-socks-made-with-pure-silve|SilverAir Sock - Odorless Socks Made With Pure Silver by Y Athletics|usd|35,000|385,268|5|77053|0|Los Angeles, CA|Footwear|1005|20|1|526|19|10|$16 USD, $18 USD, $32 USD, $48 USD, $58 USD, $90 USD, $96 USD, $168 USD, $216 USD, $336 USD|23, 17, 12, 21, 30, 34, 27, 34, 41, 44
https://www.kickstarter.com/projects/harebrainedinc/period-panties|Period Panties by Harebrained Inc.|usd|10,000|404,763|9|44973|0|Chicago, IL|Fashion|223|8|1|520|21|14|$1.00 USD, $5 USD, $13 USD, $25 USD, $36 USD, $46 USD, $55 USD, $67 USD, $70 USD, $75 USD, $100 USD, $117 USD, $200 USD, $227 USD|5, 13, 12, 10, 10, 20, 13, 20, 18, 13, 19, 26, 19, 29
https://www.kickstarter.com/projects/acemarks/artisan-dress-shoes-reinvented-for-the-modern-gent|Artisan Dress Shoes Reinvented for the Modern Gentleman by Ace Marks|usd|20,000|574,368|2|287184|0|Miami, FL|Footwear|2156|92|3|616|17|16|$5 USD, $50 USD, $180 USD, $185 USD, $190 USD, $195 USD, $240 USD, $245 USD, $360 USD, $380 USD, $380 USD, $430 USD, $555 USD, $720 USD, $1,400 USD, $2,000 USD|34, 80, 107, 144, 137, 75, 71, 83, 107, 77, 137, 157, 77, 77, 94, 102
https://www.kickstarter.com/projects/magzook/magbelt-a-magnetic-belt-that-fits-perfectly-to-you|MAGBELT - A magnetic belt that fits perfectly to your waist. by Magzook Tightening Systems|usd|7,500|583,544|9|64838|0|Denver, CO|Accessories|630|30|1|1|16|14|$12 USD, $16 USD, $19 USD, $24 USD, $30 USD, $38 USD, $58 USD, $68 USD, $75 USD, $116 USD, $140 USD, $250 USD, $350 USD, $10,000 USD|18, 19, 37, 37, 28, 33, 81, 21, 30, 24, 22, 66, 26, 115



https://www.kickstarter.com/projects/371459661/black-lab-the-new-album|Black Lab: The New Album by Paul Durham|usd|28,000|72,391|1|72391|0|Los Angeles, CA|Rock|1471|18|9|218|17|23|$1.00 USD, $5 USD, $10 USD, $15 USD, $15 USD, $20 USD, $20 USD, $35 USD, $35 USD, $40 USD, $50 USD, $60 USD, $75 USD, $90 USD, $120 USD, $400 USD, $400 USD, $600 USD, $1,500 USD, $2,000 USD, $3,000 USD, $5,000 USD, $6,000 USD|11, 12, 24, 19, 11, 19, 16, 22, 29, 26, 70, 39, 44, 28, 46, 51, 50, 61, 132, 45, 57, 71, 78
https://www.kickstarter.com/projects/kidneythieves/kidneythieves-new-full-length-the-mend|Kidneythieves' new Full-Length, "THE MEND" by Kidneythieves|usd|45,000|75,342|1|75342|0|Los Angeles, CA|Electronic Music|1467|15|2|112|16|16|$5 USD, $12 USD, $25 USD, $40 USD, $40 USD, $55 USD, $70 USD, $95 USD, $95 USD, $150 USD, $225 USD, $500 USD, $1,200 USD, $5,000 USD, $5,000 USD, $7,500 USD|38, 29, 39, 32, 28, 31, 32, 33, 45, 38, 51, 91, 48, 63, 70, 201
https://www.kickstarter.com/projects/cobus/my-youtube-band-project|My YouTube Band Project by Drum Channel LLC|usd|35,000|79,937|680|117|0|Los Angeles, CA|Music|763|1|2|165|7|23|$5 USD, $15 USD, $25 USD, $25 USD, $40 USD, $40 USD, $55 USD, $75 USD, $100 USD, $150 USD, $175 USD, $200 USD, $250 USD, $300 USD, $300 USD, $400 USD, $500 USD, $1,000 USD, $1,100 USD, $1,100 USD, $2,000 USD, $3,000 USD, $10,000 USD|39, 64, 71, 71, 87, 86, 91, 58, 63, 45, 30, 65, 45, 41, 124, 61, 78, 124, 41, 53, 255, 87, 315
https://www.kickstarter.com/projects/567582528/andrew-landers-music|THANK YOU!! we reached our goal! by Andrew Landers|usd|80,000|81,855|189|433|0|Olympia, WA|Music|390|1|1|8|2|5|$1.00 USD, $500 USD, $1,000 USD, $5,000 USD, $10,000 USD|13, 32, 38, 30, 40
https://www.kickstarter.com/projects/viennateng/level-up-a-music-video-for-the-new-album-aims|Level Up: A Music Video For the New Album AIMS by Vienna Teng|usd|20,000|82,640|1|82640|0|Detroit, MI|Music|2847|1|4|63|27|23|$1.00 USD, $5 USD, $10 USD, $15 USD, $15 USD, $20 USD, $20 USD, $40 USD, $40 USD, $50 USD, $50 USD, $70 USD, $100 USD, $100 USD, $150 USD, $150 USD, $200 USD, $200 USD, $300 USD, $500 USD, $500 USD, $1,000 USD, $5,000 USD|27, 18, 26, 13, 41, 13, 7, 16, 16, 37, 38, 24, 37, 32, 24, 35, 40, 41, 37, 54, 51, 77, 47

https://www.kickstarter.com/projects/743105919/of-montreal-song-dynasties-feature-length-document|of Montreal "Song Dynasties" Feature-Length Documentary by of Montreal|usd|75,000|94,844|1|94844|0|Athens, GA|Music|831|6|2|84|27|18|$1.00 USD, $5 USD, $20 USD, $30 USD, $35 USD, $65 USD, $100 USD, $150 USD, $200 USD, $300 USD, $500 USD, $500 USD, $500 USD, $500 USD, $525 USD, $525 USD, $525 USD, $2,500 USD|13, 12, 12, 24, 23, 18, 37, 17, 57, 31, 15, 64, 14, 12, 24, 36, 30, 24






https://www.kickstarter.com/projects/madtempest/pixies-a-visual-history-exclusive-ltd-ed-hardcover|PIXIES: A Visual History (Exclusive Ltd. Ed. Hardcover) by Sean T. Rayburn|usd|150,000|234,450|2|117225|0|New York, NY|Music|853|6|2|464|32|11|$1.00 USD, $10 USD, $25 USD, $35 USD, $75 USD, $100 USD, $150 USD, $200 USD, $400 USD, $500 USD, $1,000 USD|24, 42, 62, 56, 90, 92, 108, 62, 77, 110, 98



https://www.kickstarter.com/projects/stevegrand/all-american-boy-the-album|"All-American Boy" - The Album by Steve Grand|usd|81,000|326,593|4|81648|0|Chicago, IL|Rock|2991|4|1|418|19|21|$5 USD, $10 USD, $15 USD, $25 USD, $25 USD, $50 USD, $75 USD, $100 USD, $150 USD, $200 USD, $300 USD, $400 USD, $500 USD, $1,000 USD, $1,000 USD, $2,000 USD, $2,000 USD, $3,000 USD, $5,000 USD, $5,000 USD, $10,000 USD|54, 22, 25, 33, 39, 42, 37, 43, 51, 61, 50, 70, 60, 70, 74, 59, 92, 113, 84, 94, 102

https://www.kickstarter.com/projects/amandapalmer/amanda-palmer-the-new-record-art-book-and-tour|Amanda Palmer: The new RECORD, ART BOOK, and TOUR by Amanda Palmer|usd|100,000|1,192,793|24|49699|0|Boston, MA|Music|2041|16|1|1|26|24|$1.00 USD, $5 USD, $25 USD, $50 USD, $100 USD, $125 USD, $250 USD, $250 USD, $300 USD, $300 USD, $300 USD, $300 USD, $300 USD, $300 USD, $300 USD, $300 USD, $500 USD, $500 USD, $1,000 USD, $1,000 USD, $1,000 USD, $5,000 USD, $10,000 USD, $10,000 USD|12, 80, 29, 39, 55, 73, 119, 146, 117, 121, 132, 124, 124, 120, 141, 155, 73, 90, 132, 145, 154, 176, 216, 179
https://www.kickstarter.com/projects/513552603/open-the-tank|OPEN The TANK by Bruce Odland|usd|57,000|61,315|694|88|0|Rangely, CO|Music|1706|7|7|20|8|35|$5 USD, $10 USD, $20 USD, $25 USD, $25 USD, $35 USD, $50 USD, $50 USD, $60 USD, $75 USD, $100 USD, $100 USD, $150 USD, $150 USD, $150 USD, $200 USD, $250 USD, $250 USD, $300 USD, $300 USD, $300 USD, $300 USD, $500 USD, $500 USD, $500 USD, $500 USD, $750 USD, $1,000 USD, $1,000 USD, $1,000 USD, $1,500 USD, $3,500 USD, $5,000 USD, $7,500 USD, $10,000 USD|19, 15, 41, 38, 50, 51, 45, 27, 60, 49, 41, 50, 56, 59, 63, 56, 50, 55, 49, 49, 49, 43, 45, 45, 45, 45, 39, 46, 45, 45, 44, 51, 40, 77, 51
https://www.kickstarter.com/projects/bluescholars/cinemetropolis-blue-scholars-signs-to-the-people|"CINEMETROPOLIS": BLUE SCHOLARS SIGNS TO THE PEOPLE by Blue Scholars|usd|25,000|62,391|2|31195|0|Seattle, WA|Hip-Hop|652|0|1|90|2|13|$1.00 USD, $5 USD, $10 USD, $20 USD, $25 USD, $30 USD, $50 USD, $70 USD, $100 USD, $100 USD, $150 USD, $250 USD, $350 USD|2, 9, 12, 20, 24, 16, 28, 29, 46, 31, 47, 20, 54


https://www.kickstarter.com/projects/1847107349/first-ever-emily-the-strange-animated-rock-n-roll|FIRST EVER EMILY THE STRANGE ANIMATED ROCK-N-ROLL SINGLE by Robert Reger|usd|55,000|64,749|710|91|0|Berkeley, CA|Indie Rock|2024|51|1|79|40|67|$1.00 USD, $5 USD, $5 USD, $10 USD, $10 USD, $10 USD, $15 USD, $20 USD, $20 USD, $20 USD, $20 USD, $25 USD, $25 USD, $35 USD, $40 USD, $40 USD, $40 USD, $45 USD, $45 USD, $50 USD, $50 USD, $50 USD, $50 USD, $50 USD, $55 USD, $75 USD, $75 USD, $75 USD, $75 USD, $75 USD, $150 USD, $150 USD, $150 USD, $150 USD, $200 USD, $250 USD, $250 USD, $250 USD, $250 USD, $250 USD, $250 USD, $250 USD, $300 USD, $650 USD, $750 USD, $750 USD, $800 USD, $1,000 USD, $1,000 USD, $1,000 USD, $1,000 USD, $1,000 USD, $1,000 USD, $1,200 USD, $1,200 USD, $1,200 USD, $1,200 USD, $1,300 USD, $1,500 USD, $2,000 USD, $2,000 USD, $2,000 USD, $3,500 USD, $5,000 USD, $5,000 USD, $5,000 USD, $10,000 USD|7, 11, 13, 12, 12, 13, 16, 23, 17, 17, 24, 25, 24, 26, 34, 26, 28, 28, 29, 26, 28, 37, 30, 24, 29, 40, 41, 45, 39, 40, 46, 46, 40, 71, 33, 60, 64, 63, 63, 61, 59, 79, 81, 59, 54, 54, 58, 57, 56, 55, 51, 51, 80, 71, 55, 54, 53, 55, 83, 71, 50, 56, 88, 49, 53, 59, 79




https://www.kickstarter.com/projects/sci-fest/sci-fest|SCI-FEST by David Dean Bottrell|usd|80,000|81,004|400|202|0|Los Angeles, CA|Festivals|1035|3|1|14|29|14|$5 USD, $10 USD, $25 USD, $50 USD, $55 USD, $65 USD, $75 USD, $100 USD, $101 USD, $250 USD, $500 USD, $1,000 USD, $5,000 USD, $10,000 USD|20, 30, 43, 34, 82, 111, 107, 30, 204, 34, 46, 53, 71, 61





https://www.kickstarter.com/projects/729375914/dci-or-die-the-capri-theatre-goes-digital|DCI or DIE: The Capri Theatre Goes Digital by Capri Theatre|usd|80,000|88,240|656|134|0|Montgomery, AL|Theater|831|2|1|26|17|9|$25 USD, $40 USD, $50 USD, $100 USD, $200 USD, $500 USD, $1,000 USD, $5,000 USD, $10,000 USD|6, 80, 7, 22, 53, 24, 26, 42, 38
https://www.kickstarter.com/projects/nowherethis/now-here-this-original-cast-recording|NOW. HERE. THIS. Original Cast Recording by NOW. HERE. THIS.|usd|75,000|89,833|1|89833|0|Lower East Side, Manhattan, NY|Theater|494|3|2|50|5|13|$10 USD, $20 USD, $25 USD, $50 USD, $75 USD, $125 USD, $250 USD, $300 USD, $500 USD, $1,000 USD, $5,000 USD, $10,000 USD, $10,000 USD|18, 12, 23, 27, 37, 47, 62, 64, 76, 69, 109, 135, 144



https://www.kickstarter.com/projects/993462222/bombshell-from-the-nbc-series-smash-a-broadway-con|BOMBSHELL from the TV series SMASH - A Broadway Concert by The Actors Fund|usd|50,000|318,120|1|318120|0|Manhattan, NY|Musical|
https://www.kickstarter.com/projects/521591886/judas-redux|Judas Redux by Julia Albain|usd|36,000|62,809|1|62809|0|Chicago, IL|Theater|1334|8|1|88|21|15|$1.00 USD, $5 USD, $10 USD, $15 USD, $25 USD, $35 USD, $50 USD, $75 USD, $100 USD, $150 USD, $250 USD, $500 USD, $1,000 USD, $5,000 USD, $10,000 USD|19, 25, 27, 26, 25, 24, 66, 39, 50, 70, 95, 77, 112, 120, 46
https://www.kickstarter.com/projects/782467956/a-lady-must-live|A Lady Must Live by Salli Richardson-Whitfield|usd|40,000|64,661|370|174|0|Hollywood, Los Angeles, CA|Theater|805|3|1|14|18|10|$10 USD, $20 USD, $50 USD, $100 USD, $250 USD, $500 USD, $1,000 USD, $2,500 USD, $5,000 USD, $10,000 USD|11, 10, 22, 11, 22, 14, 19, 22, 39, 25




https://www.kickstarter.com/projects/361301130/reopen-the-parkway-theater|Reopen the Parkway Theater! by J Moses Ceaser|usd|50,000|56,832|998|56|0|Oakland, CA|Theater|




https://www.kickstarter.com/projects/solsticehoodriver/solstice-bringing-our-pizza-to-the-hood-river-wate|Solstice, bringing our pizza to the Hood River Waterfront! by Solstice Wood Fire Cafe|usd|50,000|57,647|456|126|0|Hood River, OR|Food|1128|6|1|8|12|25|$10 USD, $10 USD, $25 USD, $25 USD, $35 USD, $50 USD, $50 USD, $50 USD, $75 USD, $100 USD, $100 USD, $125 USD, $150 USD, $150 USD, $150 USD, $200 USD, $250 USD, $300 USD, $350 USD, $500 USD, $500 USD, $1,000 USD, $1,000 USD, $1,000 USD, $5,000 USD|23, 21, 21, 22, 29, 36, 31, 31, 35, 32, 25, 41, 62, 48, 41, 42, 32, 44, 43, 48, 44, 52, 94, 56, 122
https://www.kickstarter.com/projects/363821638/move-the-muse-brooklyn-circus|Move The Muse Brooklyn - Circus by Angela Buccinni Butch|usd|60,000|61,360|702|87|0|Brooklyn, NY|Spaces|1134|11|1|13|13|73|$5 USD, $10 USD, $20 USD, $25 USD, $25 USD, $25 USD, $30 USD, $30 USD, $30 USD, $30 USD, $35 USD, $35 USD, $35 USD, $35 USD, $40 USD, $40 USD, $40 USD, $45 USD, $50 USD, $50 USD, $50 USD, $55 USD, $60 USD, $60 USD, $65 USD, $70 USD, $70 USD, $75 USD, $75 USD, $75 USD, $80 USD, $80 USD, $90 USD, $100 USD, $100 USD, $100 USD, $100 USD, $100 USD, $100 USD, $100 USD, $100 USD, $100 USD, $120 USD, $120 USD, $120 USD, $150 USD, $150 USD, $150 USD, $150 USD, $175 USD, $250 USD, $250 USD, $250 USD, $250 USD, $300 USD, $300 USD, $300 USD, $300 USD, $400 USD, $500 USD, $500 USD, $500 USD, $550 USD, $650 USD, $800 USD, $800 USD, $1,000 USD, $1,500 USD, $2,000 USD, $2,500 USD, $3,000 USD, $5,000 USD, $10,000 USD|22, 51, 27, 15, 26, 29, 19, 51, 29, 29, 34, 8, 7, 41, 21, 36, 15, 24, 31, 138, 27, 43, 18, 40, 22, 25, 15, 42, 40, 24, 14, 26, 15, 23, 30, 51, 50, 51, 51, 33, 62, 72, 26, 7, 40, 42, 41, 91, 27, 48, 38, 64, 51, 44, 67, 52, 67, 56, 41, 18, 68, 77, 49, 27, 31, 48, 31, 55, 47, 56, 28, 21, 43
https://www.kickstarter.com/projects/slobbr/slobbr-live-life-with-your-dog|Slobbr ~ Live Life With Your Dog by Michelle Fournier|usd|65,000|66,067|253|261|0|Boston, MA|Apps|1190|1|1|4|14|7|$10 USD, $30 USD, $60 USD, $100 USD, $250 USD, $1,000 USD, $10,000 USD|31, 40, 75, 65, 78, 71, 94
https://www.kickstarter.com/projects/273238435/eva-hesse|"Eva Hesse", a feature-length documentary film by Marcie Begleiter and Karen S. Shapiro|usd|54,000|66,386|468|141|0|Los Angeles, CA|Documentary|985|16|1|6|16|29|$10 USD, $15 USD, $25 USD, $40 USD, $50 USD, $60 USD, $75 USD, $75 USD, $85 USD, $100 USD, $150 USD, $150 USD, $150 USD, $250 USD, $500 USD, $750 USD, $1,000 USD, $1,000 USD, $1,250 USD, $1,750 USD, $1,750 USD, $2,500 USD, $2,500 USD, $2,500 USD, $2,500 USD, $3,500 USD, $3,500 USD, $5,000 USD, $8,000 USD|22, 40, 20, 30, 59, 31, 44, 90, 43, 27, 24, 70, 83, 29, 32, 57, 25, 30, 21, 20, 20, 32, 170, 185, 71, 77, 56, 61, 88
https://www.kickstarter.com/projects/park51/nychildren-exhibit-lets-open-park51s-doors-to-the|NYChildren Exhibit: Let's open Park51's doors to the world! by Park51 Community Center|usd|70,000|70,722|301|234|0|New York, NY|Art|569|0|1|14|11|12|$1.00 USD, $5 USD, $15 USD, $25 USD, $50 USD, $75 USD, $125 USD, $250 USD, $350 USD, $500 USD, $1,000 USD, $2,500 USD|23, 39, 52, 69, 42, 32, 32, 40, 39, 37, 28, 32
https://www.kickstarter.com/projects/197302649/court-13-arts-headquarters|Court 13 Arts Headquarters by Court 13 Arts|usd|68,000|76,008|907|83|0|New Orleans, LA|Public Art|1406|18|2|6|8|15|$10 USD, $15 USD, $20 USD, $30 USD, $45 USD, $70 USD, $100 USD, $150 USD, $200 USD, $300 USD, $500 USD, $1,000 USD, $2,500 USD, $5,000 USD, $10,000 USD|42, 135, 86, 73, 29, 67, 65, 107, 36, 63, 64, 43, 90, 46, 25
https://www.kickstarter.com/projects/shereadstruth/shereadstruth-bible-devotional-app|SheReadsTruth Bible+Devotional App by She Reads Truth|usd|35,000|87,774|1|87774|0|Nashville, TN|Technology|886|16|1|75|23|13|$10 USD, $25 USD, $50 USD, $100 USD, $250 USD, $500 USD, $1,000 USD, $2,000 USD, $3,000 USD, $3,000 USD, $5,000 USD, $6,000 USD, $10,000 USD|19, 21, 33, 48, 48, 66, 62, 108, 48, 85, 47, 56, 48
https://www.kickstarter.com/projects/1692978335/library-for-all-a-digital-library-for-the-developi|LIBRARY FOR ALL: a digital library for the developing world by Library For All|usd|100,000|109,955|763|144|0|New York, NY|Software|856|6|1|18|7|14|$10 USD, $25 USD, $50 USD, $75 USD, $100 USD, $175 USD, $250 USD, $250 USD, $500 USD, $1,000 USD, $2,500 USD, $5,000 USD, $10,000 USD, $10,000 USD|124, 34, 25, 25, 43, 29, 107, 75, 98, 106, 123, 124, 121, 51
https://www.kickstarter.com/projects/cricketcreekfarm/stone-barn-and-solar-power-to-sustain-cricket-cree|Stone Barn and Solar Power to Sustain Cricket Creek Farm by Topher Sabot / Cricket Creek Farm|usd|85,000|115,000|846|135|0|Williamstown, MA|Farms|2189|18|1|20|21|27|$10 USD, $15 USD, $25 USD, $30 USD, $40 USD, $75 USD, $100 USD, $110 USD, $130 USD, $145 USD, $145 USD, $225 USD, $275 USD, $275 USD, $275 USD, $350 USD, $450 USD, $500 USD, $600 USD, $800 USD, $900 USD, $1,000 USD, $1,200 USD, $3,500 USD, $5,000 USD, $10,000 USD, $10,000 USD|37, 20, 33, 30, 38, 20, 17, 25, 24, 55, 22, 21, 22, 51, 40, 26, 24, 35, 56, 35, 23, 49, 17, 76, 47, 47, 52
https://www.kickstarter.com/projects/tocguide/toc-go-bag|TOC Go Bag by Shan Wang & Eric Meltzer|usd|100,000|122,330|529|231|0|San Francisco, CA|Product Design|956|8|1|127|34|2|$225 USD, $450 USD|20, 30
https://www.kickstarter.com/projects/573779592/it-aint-going-down-like-that-korey-colemans-new-si|New Beginnings! - Korey Coleman's new website project! by Korey Coleman|usd|30,000|133,860|2|66930|0|Austin, TX|Webseries|342|0|1|864|18|15|$2.00 USD, $10 USD, $25 USD, $50 USD, $75 USD, $100 USD, $150 USD, $250 USD, $500 USD, $1,000 USD, $1,500 USD, $2,000 USD, $4,000 USD, $5,000 USD, $7,000 USD|28, 65, 33, 43, 43, 77, 36, 22, 19, 14, 53, 80, 49, 65, 60
https://www.kickstarter.com/projects/konda/what-makes-you-come-alive-bring-it-to-the-hub-0|What Makes You Come Alive? Bring it to The HUB! by Konda Mason|usd|100,000|142,719|1|142719|0|Oakland, CA|Technology|542|15|4|17|10|25|$10 USD, $25 USD, $60 USD, $60 USD, $100 USD, $100 USD, $100 USD, $100 USD, $180 USD, $180 USD, $300 USD, $340 USD, $350 USD, $500 USD, $700 USD, $750 USD, $1,000 USD, $1,000 USD, $1,000 USD, $1,000 USD, $2,000 USD, $4,000 USD, $5,000 USD, $7,500 USD, $10,000 USD|27, 93, 66, 73, 85, 63, 62, 58, 21, 28, 50, 27, 113, 55, 81, 34, 67, 76, 50, 88, 27, 27, 85, 105, 126
https://www.kickstarter.com/projects/foragekitchen/forage-kitchen|Forage Kitchen by Iso Rabins|usd|150,000|156,502|1|156502|0|San Francisco, CA|Spaces|1725|3|1|64|62|17|$15 USD, $35 USD, $50 USD, $99 USD, $100 USD, $100 USD, $150 USD, $200 USD, $200 USD, $200 USD, $400 USD, $500 USD, $800 USD, $1,000 USD, $1,000 USD, $5,000 USD, $10,000 USD|14, 70, 16, 24, 26, 36, 50, 66, 46, 36, 69, 76, 64, 45, 38, 27, 88
https://www.kickstarter.com/projects/379429428/superior-motors-community-restaurant-and-farm-ecos|Superior Motors: Community Restaurant & Farm Ecosystem by Kevin Sousa|usd|250,000|310,225|2|155112|0|Braddock, PA|Restaurants|619|8|1|203|41|11|$25 USD, $50 USD, $100 USD, $250 USD, $300 USD, $500 USD, $1,000 USD, $1,500 USD, $3,000 USD, $5,000 USD, $10,000 USD|63, 60, 73, 111, 96, 145, 123, 201, 127, 120, 167
https://www.kickstarter.com/projects/gosondors/sondors-electric-bike-most-affordable-ebike-ever|Sondors Electric Bike - Most Affordable eBike. Ever. by Storm Sondors|usd|75,000|1,354,793|1|1354793|0|Malibu, CA|Gadgets|394|24|1|341|27|11|$5 USD, $50 USD, $50 USD, $499 USD, $499 USD, $499 USD, $499 USD, $599 USD, $599 USD, $599 USD, $599 USD|54, 61, 63, 146, 110, 108, 144, 96, 96, 94, 94
https://www.kickstarter.com/projects/wakerobotics/forging-the-forge-downtown|Forging The Forge Downtown by Wake Robotics|usd|40,000|42,591|401|106|0|Cary, NC|Technology|756|7|1|7|25|20|$5 USD, $10 USD, $15 USD, $20 USD, $25 USD, $30 USD, $40 USD, $50 USD, $75 USD, $100 USD, $100 USD, $150 USD, $150 USD, $150 USD, $200 USD, $250 USD, $500 USD, $1,000 USD, $2,000 USD, $5,000 USD|18, 33, 31, 39, 52, 34, 28, 44, 35, 46, 47, 38, 49, 45, 50, 52, 53, 50, 56, 47
https://www.kickstarter.com/projects/643873665/sams-log-cabin-backyard-expansion-and-kitchen-rest|Sam's Log Cabin Backyard Expansion and Kitchen Restoration! by Rhasaan Fernandez and Mike Daillak|usd|40,000|44,466|410|108|0|Albany, CA|Restaurants|340|0|1|20|19|17|$10 USD, $20 USD, $25 USD, $25 USD, $40 USD, $50 USD, $50 USD, $75 USD, $125 USD, $150 USD, $150 USD, $300 USD, $400 USD, $750 USD, $999 USD, $1,500 USD, $2,250 USD|6, 9, 17, 10, 31, 14, 14, 7, 36, 24, 26, 19, 20, 22, 17, 55, 82
https://www.kickstarter.com/projects/824588664/launch-an-educational-community-farm-on-nantucket|Launch an Educational Community Farm on Nantucket! by Sustainable Nantucket|usd|39,000|44,000|125|352|0|Nantucket, MA|Farms|458|5|1|0|6|12|$1.00 USD, $25 USD, $50 USD, $100 USD, $250 USD, $500 USD, $1,000 USD, $2,500 USD, $3,000 USD, $5,000 USD, $10,000 USD, $10,000 USD|4, 8, 10, 21, 26, 24, 28, 37, 53, 51, 42, 40
https://www.kickstarter.com/projects/onedayonearth/one-day-on-earth-filmed-in-every-nation-in-one-day|One Day on Earth - filmed in every nation in one day by One Day on Earth|usd|25,000|44,637|1|44637|0|Santa Monica, CA|Documentary|285|0|2|57|11|15|$5 USD, $15 USD, $25 USD, $55 USD, $100 USD, $200 USD, $300 USD, $500 USD, $500 USD, $1,000 USD, $2,000 USD, $3,000 USD, $5,000 USD, $7,500 USD, $10,000 USD|18, 17, 18, 26, 18, 34, 37, 44, 44, 74, 61, 60, 67, 72, 44
https://www.kickstarter.com/projects/tmillerpoetry/transparent-the-story-of-loss-in-a-community-misun|TransParent; A Story of Loss in a Community Misunderstood by Natasha Miller|usd|30,000|46,653|631|73|0|Detroit, MI|Documentary|1729|4|1|8|4|9|$1.00 USD, $10 USD, $25 USD, $50 USD, $100 USD, $250 USD, $500 USD, $1,000 USD, $5,000 USD|4, 11, 12, 16, 37, 65, 76, 88, 93
https://www.kickstarter.com/projects/prodigalfarm/artisanal-cheese-beloved-goats-stronger-community|Artisanal Cheese + Beloved Goats = Stronger Community by Kathryn Carter Spann|usd|45,000|48,327|374|129|0|Rougemont, NC|Food|1513|11|1|7|27|22|$15 USD, $25 USD, $30 USD, $35 USD, $50 USD, $50 USD, $55 USD, $65 USD, $75 USD, $100 USD, $100 USD, $125 USD, $200 USD, $250 USD, $250 USD, $250 USD, $500 USD, $500 USD, $1,000 USD, $1,000 USD, $2,500 USD, $10,000 USD|34, 42, 15, 53, 70, 96, 17, 14, 155, 85, 246, 229, 130, 189, 16, 29, 102, 81, 93, 174, 184, 185
